{
  "usuarios": [
    {
      "id": "1",
      "login": "admin",
      "senha": "123",
      "nome": "Administrador do Sistema",
      "email": "admin@abc.com"
    },
    {
      "id": "2",
      "login": "user",
      "senha": "123",
      "nome": "Usuario Comum",
      "email": "user@abc.com"
    },
    {
      "login": "rommel",
      "senha": "123",
      "nome": "Rommel",
      "email": "rommel@gmail.com",
      "id": "3"
    }
  ],
  "bebes": [
    {
      "id": "d39a",
      "nome": "andre",
      "nascimento": "23/12/1111",
      "sexo": "masculino",
      "peso": "3232",
      "altura": "22",
      "sangue": "A-"
    },
    {
      "id": "f55b",
      "nome": "leonardo",
      "nascimento": "12/12/2005",
      "sexo": "masculino",
      "peso": "12",
      "altura": "12",
      "sangue": "B+"
    }
  ],
  "lembretes": [
    {
      "titulo": "Ração para a criança",
      "categoria": "Vacinas",
      "descricao": "Comprar ração para a criança",
      "data": "2025-05-26",
      "status": "ativo",
      "id": 3
    },
    {
      "titulo": "Vacina antirrábica infantil",
      "categoria": "Vacinas",
      "descricao": "Vacina antirrábica infantil",
      "data": "2025-05-30",
      "status": "ativo",
      "id": 4
    },
    {
      "titulo": "Cafeína Infantil",
      "categoria": "Medicamentos",
      "descricao": "Cafeína para criança",
      "data": "2025-05-18",
      "status": "ativo",
      "id": 5
    },
    {
      "titulo": "Médico 1",
      "categoria": "Consultas",
      "descricao": "Ir ao médico",
      "data": "2025-05-14",
      "status": "ativo",
      "id": 6
    },
    {
      "titulo": "Não esquecer presente",
      "categoria": "Outros",
      "descricao": "Presente para o amigo",
      "data": "2025-05-05",
      "status": "ativo",
      "id": 7
    }
  ],
  "pais": [
    {
      "mae": "mae",
      "nascimento_mae": "2025-05-06",
      "pai": "pai",
      "nascimento_pai": "2025-05-21",
      "id": 1
    },
    {
      "mae": "Monica",
      "nascimento_mae": "2025-05-01",
      "pai": "Marcelo",
      "nascimento_pai": "2025-05-01",
      "id": 2
    }
  ],
  "dadosBebesIdeais": [
    {
      "id": "i1",
      "peso": 3.3,
      "idade": 0
    },
    {
      "id": "i2",
      "peso": 4.5,
      "idade": 1
    },
    {
      "id": "i3",
      "peso": 5.6,
      "idade": 2
    },
    {
      "id": "i4",
      "peso": 6.4,
      "idade": 3
    },
    {
      "id": "i5",
      "peso": 7,
      "idade": 4
    },
    {
      "id": "i6",
      "peso": 7.5,
      "idade": 5
    },
    {
      "id": "i7",
      "peso": 8,
      "idade": 6
    },
    {
      "id": "i8",
      "peso": 8.4,
      "idade": 7
    },
    {
      "id": "i9",
      "peso": 8.6,
      "idade": 8
    }
  ],
  "dadosBebe": [
    {
      "id": "m1",
      "peso": 2.9,
      "idade": 0
    },
    {
      "id": "m2",
      "peso": 3.8,
      "idade": 1
    },
    {
      "id": "m3",
      "peso": 5.2,
      "idade": 2
    },
    {
      "id": "m4",
      "peso": 6.1,
      "idade": 3
    },
    {
      "id": "m5",
      "peso": 6.9,
      "idade": 4
    },
    {
      "id": "m6",
      "peso": 7.8,
      "idade": 5
    },
    {
      "id": "m7",
      "peso": 8.3,
      "idade": 6
    },
    {
      "id": "m8",
      "peso": 8.9,
      "idade": 7
    },
    {
      "id": "m9",
      "peso": 9.5,
      "idade": 8
    }
  ]
}