{
  "servicos": [
    {
      "titulo": "Sono",
      "descricao": "Acompanhe os horários e duração do sono. Des...ões e melhore a rotina do seu bebê com análises personalizadas.",
      "id": "c71c"
    },
    {
      "titulo": "Alimentação",
      "descricao": "Registre amamentações, fórmulas e introdução...e históricos, padrões e gere relatórios para consultas médicas.",
      "id": "e3f5"
    },
    {
      "titulo": "Compartilhamento",
      "descricao": "Compartilhe informações com outros cuidadores, babás ou familiares para manter todos informados.",
      "id": "d0b9"
    },
    {
      "titulo": "Lembretes",
      "descricao": "Configure alertas para medicações, consultas médicas e outras atividades importantes para o seu bebê.",
      "id": "ca4b"
    },
    {
      "id": "ec95",
      "titulo": "Vacinas",
      "descricao": "Registre o calendário de vacinas do seu filho"
    }
  ],
  "depoimentos": [
    {
      "texto": "O Baby Connect mudou minha vida como mãe de prim...ades do meu bebê e ainda compartilhar com meu marido e a babá.",
      "imagem": "usuario1.png",
      "id": "60c4"
    },
    {
      "texto": "Como mãe solo, este app me ajuda a manter a sani...s de sono, alimentação e planejar melhor meu dia com meu bebê.",
      "imagem": "usuario2.png",
      "id": "a980"
    },
    {
      "id": "06a0",
      "texto": "Testando",
      "imagem": "usuario1.png"
    }
  ],
  "comments": [
    {
      "itemId": "60c4",
      "user": "João",
      "text": "Aplicativo maravilhoso!",
      "timestamp": "2025-06-01T10:15:00"
    },
    {
      "itemId": "c71c",
      "user": "Ana",
      "text": "Muito útil para acompanhar o sono.",
      "timestamp": "2025-06-01T11:00:00"
    }
  ],
  "likes": [
    {
      "itemId": "60c4",
      "userId": "user-abc123",
      "timestamp": "2025-06-01T09:00:00"
    },
    {
      "itemId": "c71c",
      "userId": "user-def456",
      "timestamp": "2025-06-01T09:05:00"
    }
  ]
}